{
  "analysis_type": "Q3_demographics",
  "target": "sphere_x36.10_y14.14_z0.33_r5",
  "optimization_type": "focality",
  "correlation_results": {
    "ROI_Mean": {
      "age": {
        "correlation": -0.09969082804256268,
        "p_value": 0.30464560484775305,
        "significant": "False",
        "n": 108
      },
      "bone_volume": {
        "correlation": -0.345347072847836,
        "p_value": 0.0002517429819617995,
        "significant": "True",
        "n": 108
      },
      "bone_mean_thick": {
        "correlation": -0.3468558929593577,
        "p_value": 0.00023549299728731798,
        "significant": "True",
        "n": 108
      }
    },
    "ROI_Max": {
      "age": {
        "correlation": -0.1056382895184222,
        "p_value": 0.27655154492686407,
        "significant": "False",
        "n": 108
      },
      "bone_volume": {
        "correlation": -0.3479346181864863,
        "p_value": 0.00022447596941841964,
        "significant": "True",
        "n": 108
      },
      "bone_mean_thick": {
        "correlation": -0.34850723080464996,
        "p_value": 0.00021882353370481528,
        "significant": "True",
        "n": 108
      }
    },
    "Normal_Mean": {
      "age": {
        "correlation": -0.05744509475968483,
        "p_value": 0.5548365487782757,
        "significant": "False",
        "n": 108
      },
      "bone_volume": {
        "correlation": -0.31314747909177376,
        "p_value": 0.0009673227674130753,
        "significant": "True",
        "n": 108
      },
      "bone_mean_thick": {
        "correlation": -0.29633582898348715,
        "p_value": 0.0018454735640344763,
        "significant": "True",
        "n": 108
      }
    },
    "Normal_Max": {
      "age": {
        "correlation": -0.08241476736685954,
        "p_value": 0.3964619088063934,
        "significant": "False",
        "n": 108
      },
      "bone_volume": {
        "correlation": -0.36501775264363095,
        "p_value": 0.00010269232855765597,
        "significant": "True",
        "n": 108
      },
      "bone_mean_thick": {
        "correlation": -0.3512868430802778,
        "p_value": 0.0001932095473401878,
        "significant": "True",
        "n": 108
      }
    }
  },
  "regression_results": {
    "r_squared": 0.12921361975823065,
    "adjusted_r_squared": 0.10409478186664123,
    "f_statistic": 5.144092267162368,
    "f_p_value": 0.00234426774275923,
    "coefficients": {
      "const": 0.4004291468720269,
      "age": -0.000473941079668439,
      "bone_volume": -0.000400825107638238,
      "bone_mean_thick": -0.052658701095748314
    },
    "p_values": {
      "const": 3.040355407339046e-05,
      "age": 0.6276105731057927,
      "bone_volume": 0.3884287675828385,
      "bone_mean_thick": 0.3302028425007053
    },
    "standard_errors": {
      "const": 0.09179465632205296,
      "age": 0.0009741120974021824,
      "bone_volume": 0.0004627928698414342,
      "bone_mean_thick": 0.05382748485838242
    },
    "n": 108,
    "model_summary": "                            OLS Regression Results                            \n==============================================================================\nDep. Variable:               ROI_Mean   R-squared:                       0.129\nModel:                            OLS   Adj. R-squared:                  0.104\nMethod:                 Least Squares   F-statistic:                     5.144\nDate:                Mon, 04 Aug 2025   Prob (F-statistic):            0.00234\nTime:                        13:41:30   Log-Likelihood:                 102.95\nNo. Observations:                 108   AIC:                            -197.9\nDf Residuals:                     104   BIC:                            -187.2\nDf Model:                           3                                         \nCovariance Type:            nonrobust                                         \n===================================================================================\n                      coef    std err          t      P>|t|      [0.025      0.975]\n-----------------------------------------------------------------------------------\nconst               0.4004      0.092      4.362      0.000       0.218       0.582\nage                -0.0005      0.001     -0.487      0.628      -0.002       0.001\nbone_volume        -0.0004      0.000     -0.866      0.388      -0.001       0.001\nbone_mean_thick    -0.0527      0.054     -0.978      0.330      -0.159       0.054\n==============================================================================\nOmnibus:                       25.209   Durbin-Watson:                   2.251\nProb(Omnibus):                  0.000   Jarque-Bera (JB):               33.928\nSkew:                           1.335   Prob(JB):                     4.29e-08\nKurtosis:                       3.640   Cond. No.                     3.35e+03\n==============================================================================\n\nNotes:\n[1] Standard Errors assume that the covariance matrix of the errors is correctly specified.\n[2] The condition number is large, 3.35e+03. This might indicate that there are\nstrong multicollinearity or other numerical problems."
  },
  "summary_report": "STATISTICAL ANALYSIS REPORT\n==================================================\n\nAnalysis Type: Q3\nTarget: sphere_x36.10_y14.14_z0.33_r5\nOptimization: focality\n\nCORRELATION RESULTS:\n--------------------\nROI_Mean vs age: r = -0.100, p = 0.305 - Not significant\nROI_Mean vs bone_volume: r = -0.345, p = 0.000 - **SIGNIFICANT**\nROI_Mean vs bone_mean_thick: r = -0.347, p = 0.000 - **SIGNIFICANT**\nROI_Max vs age: r = -0.106, p = 0.277 - Not significant\nROI_Max vs bone_volume: r = -0.348, p = 0.000 - **SIGNIFICANT**\nROI_Max vs bone_mean_thick: r = -0.349, p = 0.000 - **SIGNIFICANT**\nNormal_Mean vs age: r = -0.057, p = 0.555 - Not significant\nNormal_Mean vs bone_volume: r = -0.313, p = 0.001 - **SIGNIFICANT**\nNormal_Mean vs bone_mean_thick: r = -0.296, p = 0.002 - **SIGNIFICANT**\nNormal_Max vs age: r = -0.082, p = 0.396 - Not significant\nNormal_Max vs bone_volume: r = -0.365, p = 0.000 - **SIGNIFICANT**\nNormal_Max vs bone_mean_thick: r = -0.351, p = 0.000 - **SIGNIFICANT**\n\nMULTIPLE REGRESSION RESULTS:\n-------------------------\nR\u00b2 = 0.129 (n = 108)\nF-statistic = 5.14, p = 0.002\n\nCoefficients:\n  const: 0.400 (p = 0.000) - **SIGNIFICANT**\n  age: -0.000 (p = 0.628) - Not significant\n  bone_volume: -0.000 (p = 0.388) - Not significant\n  bone_mean_thick: -0.053 (p = 0.330) - Not significant\n"
}