Metric,Value
mean_value,0.4805476971070656
max_value,0.7982711479293491
min_value,0.31956329890391955
focality,2.0489454122778112
normal_mean_value,0.3230791922418123
normal_max_value,0.6334826739681794
normal_min_value,4.749416826041464e-05
normal_focality,3.1178015935697405
